{
  "config": {
    "look": 14,
    "hold": 7,
    "frac": 0.1,
    "fee": 0.00075,
    "oos_frac": 0.3
  },
  "panel": {
    "assets": 415,
    "dates": 2000
  },
  "results": [
    {
      "name": "long_only",
      "n": 283,
      "mean_pct": 2.0568551237830386,
      "ann_sharpe": 0.899119642053273,
      "full_hac_t": 1.7082214378960143,
      "nw_full_t": 1.7082214378960152,
      "oos_n": 85,
      "oos_mean_pct": -0.04903816065513078,
      "oos_hac_t": -0.036966175042251075,
      "bootstrap_p": 0.021989005497251374,
      "total_net_pct": 582.0900000305999
    },
    {
      "name": "short_only",
      "n": 283,
      "mean_pct": -0.6869056024712843,
      "ann_sharpe": -0.369464367706702,
      "full_hac_t": -0.8187518603805325,
      "nw_full_t": -0.8187518603805319,
      "oos_n": 85,
      "oos_mean_pct": 0.7140800977623717,
      "oos_hac_t": 0.56993297635334,
      "bootstrap_p": 1.0,
      "total_net_pct": -194.39428549937347
    },
    {
      "name": "long_short_momentum",
      "n": 283,
      "mean_pct": 0.6849747606558768,
      "ann_sharpe": 0.754508869725208,
      "full_hac_t": 1.6043628399002416,
      "nw_full_t": 1.6043628399002439,
      "oos_n": 85,
      "oos_mean_pct": 0.33252096855362073,
      "oos_hac_t": 0.7022015441439116,
      "bootstrap_p": 0.04247876061969016,
      "total_net_pct": 193.84785726561313
    },
    {
      "name": "long_short_reversal",
      "n": 283,
      "mean_pct": -0.8710377482115639,
      "ann_sharpe": -0.9595504511663456,
      "full_hac_t": -2.041827189235227,
      "nw_full_t": -2.041827189235227,
      "oos_n": 85,
      "oos_mean_pct": -0.508926457166218,
      "oos_hac_t": -1.0761613200592914,
      "bootstrap_p": 1.0,
      "total_net_pct": -246.5036827438726
    }
  ],
  "mom_rev_corr": -0.9999890134752734,
  "configs_tested": 4
}