{
  "primary": {
    "label": "TOP100 long-only excess (re-derived)",
    "n": 283,
    "mean_pct": 3.382462618063213,
    "sharpe": 1.1978298324230567,
    "full_t": 2.8842268759361733,
    "full_t_handrolled": 2.88422687593617,
    "oos_t": 1.8587236716727784,
    "ins_t": 2.5464426735421717,
    "oos_n": 85,
    "ins_n": 198,
    "boot_p": 0.005497251374312844,
    "drop_best5pct_mean_pct": 0.22034863363729215,
    "drop_best5pct_t": 0.18440675244731847,
    "median_pct": 0.3155552283556212,
    "pct_positive": 0.5123674911660777
  },
  "cheat": {
    "label": "CHEAT (signal=forward return) \u2014 should be HUGE if no leak",
    "n": 283,
    "mean_pct": 31.972685919363368,
    "sharpe": 6.9915918299458,
    "full_t": 11.259774211563663,
    "full_t_handrolled": 11.25977421156366,
    "oos_t": 12.97391391656296,
    "ins_t": 9.801360515259642,
    "oos_n": 85,
    "ins_n": 198,
    "boot_p": 0.0004997501249375312,
    "drop_best5pct_mean_pct": 26.13237473277095,
    "drop_best5pct_t": 12.734696467729194,
    "median_pct": 21.66712158713046,
    "pct_positive": 1.0
  },
  "survivor": {
    "label": "TOP100 long-only excess, FULL-COVERAGE ONLY",
    "n": 283,
    "mean_pct": 1.033421670773025,
    "sharpe": 0.5842711489805609,
    "full_t": 1.3754523399786467,
    "full_t_handrolled": 1.3754523399786454,
    "oos_t": 1.2525476359689824,
    "ins_t": 0.7922279618265784,
    "oos_n": 85,
    "ins_n": 198,
    "boot_p": 0.08845577211394302,
    "drop_best5pct_mean_pct": -1.090413832012846,
    "drop_best5pct_t": -1.0049774188743335,
    "median_pct": -1.010286327425046,
    "pct_positive": 0.43109540636042404
  },
  "fee_double": {
    "label": "TOP100 excess, fee x2 (round-trip both legs)",
    "n": 283,
    "mean_pct": 3.2964917279403845,
    "sharpe": 1.1674876100625489,
    "full_t": 2.809504570110885,
    "full_t_handrolled": 2.8095045701108843,
    "oos_t": 1.7591111800284338,
    "ins_t": 2.491831668248213,
    "oos_n": 85,
    "ins_n": 198,
    "boot_p": 0.006496751624187906,
    "drop_best5pct_mean_pct": 0.134129391293513,
    "drop_best5pct_t": 0.11227114241990689,
    "median_pct": 0.22182973702541514,
    "pct_positive": 0.5053003533568905
  },
  "fee_zero": {
    "label": "TOP100 excess, ZERO fee (is headline a fee artifact?)",
    "n": 283,
    "mean_pct": 3.4684335081860516,
    "sharpe": 1.2281630634674703,
    "full_t": 2.9590190087646033,
    "full_t_handrolled": 2.959019008764603,
    "oos_t": 1.958461683928594,
    "ins_t": 2.601106302002281,
    "oos_n": 85,
    "ins_n": 198,
    "boot_p": 0.004497751124437781,
    "drop_best5pct_mean_pct": 0.3065678759810672,
    "drop_best5pct_t": 0.25651360085173064,
    "median_pct": 0.37555522835562155,
    "pct_positive": 0.5159010600706714
  },
  "full_universe": {
    "label": "FULL universe long-only excess",
    "n": 283,
    "mean_pct": 1.229657102440435,
    "sharpe": 0.8016391296349965,
    "full_t": 1.7203011538350528,
    "full_t_handrolled": 1.720301153835053,
    "oos_t": 1.1749491859911732,
    "ins_t": 1.4589306889376608,
    "oos_n": 85,
    "ins_n": 198,
    "boot_p": 0.03248375812093953,
    "drop_best5pct_mean_pct": -0.45493035963847983,
    "drop_best5pct_t": -0.5697728725413939,
    "median_pct": -0.2592381744862135,
    "pct_positive": 0.4876325088339223
  },
  "bonferroni": {
    "alpha": 0.0014285714285714286,
    "zcrit": 3.1888152586384755,
    "oos_clears": false,
    "full_clears": false
  }
}